{"cameraMode":{"drawMode":0,"name":"Shaded","section":"Shading Mode"},"sceneLighting":true,"audioPlay":false,"sceneViewState":{"showFog":true,"showMaterialUpdate":true,"showSkybox":true,"showFlares":true,"showImageEffects":true,"showParticleSystems":true},"in2DMode":false,"pivot":{"x":-1.2552423477172852,"y":-0.16059589385986329,"z":1.730184555053711},"rotation":{"x":-0.11603331565856934,"y":0.8466930985450745,"z":-0.20613208413124085,"w":-0.47661006450653078},"size":10.0,"orthographic":false}